{
    "rmse_loss": 0.20599372577044062,
    "mae_loss": 0.13914630081725737,
    "loss": 0.13914630087159247
}