{
    "rmse_loss": 0.19567387095429142,
    "mae_loss": 0.12933378960620784,
    "loss": 0.12933378976158713
}