{
    "rmse_loss": 0.961202346641244,
    "mae_loss": 0.7969791907572151,
    "loss": 0.9321254603716792
}