{
    "rmse_loss": 0.7007692329894374,
    "mae_loss": 0.33677108041339665,
    "loss": 0.5078871516833042
}