{
    "rmse_loss": 0.7056434009345854,
    "mae_loss": 0.34570401053620214,
    "loss": 0.5150490573501575
}