{
    "rmse_loss": 0.2102824953922022,
    "mae_loss": 0.1495885749107747,
    "loss": 0.051994900961915044
}