{
    "rmse_loss": 0.2506033182251786,
    "mae_loss": 0.17955848574638367,
    "mse_loss": 0.07654892653226852,
    "loss": 0.17955846747454016
}