{
    "rmse_loss": 0.2581954045547218,
    "mae_loss": 0.18687158823013306,
    "mse_loss": 0.08056852221488953,
    "loss": 0.18687159331666045
}