{
    "rmse_loss": 0.24197735363881712,
    "mae_loss": 0.16823093102509745,
    "loss": 0.16823093058324298
}