{
    "rmse_loss": 0.24751165379874135,
    "mae_loss": 0.17585527896881104,
    "mse_loss": 0.0745333731174469,
    "loss": 0.17585527654375
}