{
    "rmse_loss": 0.20878547908811987,
    "mae_loss": 0.1440765381471148,
    "loss": 0.05629149837916986
}