{
    "rmse_loss": 0.24542209177822413,
    "mae_loss": 0.17291444540023804,
    "mse_loss": 0.07373417913913727,
    "loss": 0.17291443529963005
}