{
    "rmse_loss": 0.21441074895538215,
    "mae_loss": 0.14603272826284472,
    "loss": 0.06346285157048638
}